route_distance,fuel_usage,weather_condition,traffic_level,cargo_weight,carbon_emission
190.39735882944444,19.328159955023345,Snowy,High,1.5954335082750608,37.00012673472214
475.6035816729085,54.648193790457455,Foggy,High,10.07636672297172,134.76206347039889
367.33700119664553,87.42163775176442,Foggy,High,18.578657262739334,202.15124846301748
301.3359496775331,73.49026375454656,Foggy,High,2.555167753102202,168.9596911386569
82.22922701900607,80.84955363828352,Snowy,High,15.406594197472334,185.16445879375965
82.21728756642031,66.21955330436101,Rainy,Low,8.488585540831856,152.37583231754675
33.751388023258734,69.5353798872674,Snowy,High,13.275887433224591,169.0469730086503
433.7571921585929,85.0703695049666,Rainy,High,5.5746136607119725,184.63097163986868
302.5519308128884,25.71713287705941,Snowy,Low,3.6100991195564864,66.15241378840382
355.49592600904253,49.45307140067091,Snowy,Low,3.6290209782889153,116.28961443888724
15.189324676422212,22.89973474014062,Rainy,Low,1.8745929400413206,47.05073830444289
485.1053768201872,98.77913279166805,Foggy,Low,4.120110745574239,223.21524585806443
417.05910719620874,94.46187462897471,Rainy,Low,13.452278007284882,227.93412332970107
110.1078597857467,4.903254325482084,Clear,Low,17.69296693094841,8.3682797852448
95.00335876751481,70.85194207905316,Clear,High,16.375450869027656,159.5387787365358
95.78523237744974,92.59958342415092,Rainy,High,13.860119042552439,220.97762232586754
155.5999102649712,18.87695916760602,Snowy,Medium,2.653421336516502,45.56388219225113
264.75443365795775,57.22657782471032,Clear,High,6.139155202771022,128.11768241267592
218.81278422784732,91.63334146121615,Clear,High,6.541234068788145,213.41026705931122
149.15842439803075,4.360651879994085,Snowy,Low,5.374160454753614,5.481758470060313
307.8671828875778,70.04460645743715,Snowy,Low,10.5426103643396,168.36140894522683
74.04946102276071,30.437551729882525,Foggy,High,10.943299390153616,76.71192925940967
149.61160102493298,92.51522334227651,Snowy,Medium,7.459276515836649,217.1161245663521
186.3491124303774,97.1347662713714,Rainy,Low,7.398888595360503,226.92950425263908
230.75464218743278,94.48238242222996,Rainy,High,16.656834159168586,228.72592743560492
393.6621008895417,47.947207449088914,Foggy,High,15.89121054223387,112.34560189855989
103.83852216838807,86.34222244794204,Clear,Medium,6.50201871777454,194.19136509941956
259.5460470147377,84.61039045497196,Clear,Medium,18.318874655528557,199.52925898069964
298.24521158671104,32.59094685108231,Snowy,Low,19.079892831548868,87.6233117568406
27.992954296398874,83.06263194091706,Rainy,Medium,6.871479569585796,187.48803027454773
305.73470169121197,4.6637558368337695,Clear,High,7.41128650146457,9.707090799762536
89.4094412252093,60.03071796972325,Foggy,High,10.359865991728197,141.78917529974078
37.20053852771336,23.770874891482602,Foggy,Medium,18.851855844406632,56.52638233873678
474.69834094039993,12.936121691950602,Rainy,Medium,17.588228946275073,26.729746101146826
482.9878563719069,8.618366961291706,Foggy,Medium,2.500075270380001,25.767724488774196
405.1566873176483,69.93258881193583,Foggy,Medium,8.158249493792617,173.96030871503734
155.78381574081848,34.64762141303855,Rainy,Low,11.29073820012055,82.14573657925065
53.34769643316002,72.75191038134739,Snowy,Medium,10.31108321475503,164.56767985370797
343.69534812351765,7.470277739095295,Snowy,Low,4.280329824769407,9.939571934519698
222.87548440110265,32.21374344523042,Foggy,High,17.246927037779017,77.42831996836608
65.40892624816553,54.40963794515839,Snowy,Medium,13.700345268438328,132.575684896741
250.11257050507874,79.2815933190574,Snowy,Low,16.83921330961017,187.20024063046054
22.022317952033106,32.55649779027492,Foggy,Medium,17.245903447314706,76.91808103567226
455.1135990289971,62.9632462672639,Snowy,High,15.092939146481925,144.0080345330813
133.09609089200836,88.71179707538252,Foggy,High,9.064606724369488,200.3698937529801
332.9485307552211,61.97045563004815,Clear,High,12.40566172280078,148.5660753093157
159.29698266425842,24.062988000609742,Rainy,Medium,3.6271254193349916,60.51707293026993
262.43367048301633,3.415677374097264,Rainy,Medium,13.6360856407607,1.525174364787084
275.62158827492345,87.13978851619206,Snowy,Low,3.9954384869159747,209.64165021199867
96.50295548513589,3.1056716741883266,Snowy,High,14.032017014948059,11.447659373339848
484.9443907434565,87.59546559573575,Snowy,Medium,4.977164134702389,209.84121516534879
388.6907475637517,53.36477626869399,Rainy,High,2.7922503529292895,116.84121947355047
470.0519760742736,93.96770215277672,Clear,High,3.72304755778767,210.6085759516158
447.9395384616862,80.07954034159287,Clear,Low,0.5388466367718703,184.29277630392025
300.96048951148714,99.7954769428004,Rainy,Low,14.51542254814384,234.49301612715928
461.32774633644283,35.720469729719305,Clear,Low,14.781820456638393,92.97427123595025
48.80378851570015,76.95164060418156,Rainy,Low,10.541200323308558,182.34280439706592
102.01151689747687,40.79116044731497,Clear,High,3.6465746205799823,93.37883171129542
27.387508010716342,48.507686410086976,Foggy,Low,2.12930958145845,107.1338405271173
166.03851372781585,63.12304085861864,Foggy,Low,0.8730148455270967,152.0515287315575
197.3952583962936,87.49403430444754,Rainy,Low,3.7320894508218037,197.66090105960242
139.31777072807847,98.42426345073022,Clear,Low,17.87168293217136,237.28955963826556
415.225067030205,77.0590679725873,Snowy,High,5.209968413182795,177.1055206099624
181.5928967133267,42.35891143456604,Clear,Low,7.408290880735706,106.54282486501037
144.06258229525346,42.71434322542995,Foggy,High,2.554236947385997,102.32021299577818
273.634561163333,74.02064785730026,Foggy,Medium,4.83604544258932,170.78632364741023
74.75749136250751,24.63893743106193,Clear,High,10.624879130214,55.381451519643825
402.0875054732496,11.936937200008071,Clear,High,12.351177320365224,27.104903277324766
41.90256862148656,36.10759360643688,Snowy,Low,5.284370126241115,86.07856170536948
493.5090336172561,29.436660173754092,Snowy,Medium,1.6257771048897856,68.54704519294951
387.26116080184545,30.334503925143018,Clear,Medium,8.125140947984274,67.91616112153527
103.36426235941533,24.127167353941083,Clear,Medium,5.066965733063515,55.412296109322085
7.733447976183188,5.167225773999826,Clear,Medium,4.781301502981138,12.807306836833462
408.65340708514293,2.769519538607967,Clear,High,19.217324652912378,0.0
354.8943852045705,98.78451658386712,Rainy,Medium,12.517859475551619,231.7348598302317
365.8585481802887,43.34954023985037,Clear,High,11.35912964185587,96.37474479465592
386.7788216095431,39.048338068808484,Snowy,High,8.607614518704777,85.29576037478935
41.652102608374726,68.28508098661392,Foggy,High,8.864414501887813,150.18825679371338
182.44053562941494,22.607134898641352,Rainy,Medium,11.047647574842577,44.35778388400633
62.35518446493921,95.04615721107231,Clear,Low,14.080381237204092,214.187423765736
432.2361958084188,78.84815642713966,Foggy,Low,14.191848875545674,180.01332144609472
313.53257277964116,9.851689228913692,Rainy,Medium,3.8480312002562664,32.90850092644909
168.79452230206135,42.34049680270791,Foggy,Low,10.252198665494227,96.20236910132869
36.4613833915817,88.03271244865431,Clear,Low,8.533182853164988,205.0976345730481
158.9362492492528,94.52847020684962,Clear,High,17.47527584225299,222.11070069457958
165.9657444032398,47.272749613737105,Snowy,High,12.81266896375834,111.1366444351878
366.1550582773417,61.72772753186006,Clear,Medium,10.883829295111646,143.29221622447795
320.5909483208305,17.53636066311545,Clear,Medium,2.7501955224888888,34.80754386604936
444.17030757528164,99.12569398756068,Rainy,Low,12.309938841806524,237.4659847368419
238.7463879551649,23.935498436960895,Snowy,High,2.785476160764552,64.60553222364554
64.19915173945935,94.33044563937744,Rainy,Medium,7.0755282235321655,210.1975887787017
358.05616967538253,65.31501825024448,Foggy,Medium,3.2854183138794713,146.08609103502081
381.58859906536424,61.165942693007054,Clear,Medium,13.995436116975194,141.2938195206588
282.83221279690065,51.75616259063435,Foggy,Medium,4.521916219804976,115.18623823179489
386.62875407750766,23.83631136005811,Rainy,Medium,8.141257777166507,58.405832786730215
249.42882020037342,18.476275168545317,Clear,Medium,17.965658163566186,40.83540044366324
263.75275054408706,22.82813469794736,Clear,Low,4.484169476279921,64.0066884389194
216.63280408748207,19.4573879522812,Rainy,High,10.402198747196193,51.93952901620717
17.582467738327118,78.17886288310858,Rainy,High,8.67579739273743,182.52362315241564
58.406256361685706,35.66240065750628,Rainy,Medium,0.8534188003917298,87.60041871547735
20.557446914933454,6.72642497977624,Rainy,High,15.958783214669849,22.663422146536647
320.0231535755713,96.94116038394033,Rainy,High,1.8463951731346946,221.2989825639244
160.6062106327817,88.49480261137914,Clear,High,9.747972909050596,201.31670510048107
256.74249212652785,92.84747603632609,Rainy,Medium,11.433226751309524,216.01170763389246
454.245404593416,99.49587444199709,Clear,Medium,12.754315903984448,235.41908217390144
128.3996534286931,18.215629672729243,Clear,High,13.928316771503575,44.166238214421995
208.1395469026367,40.22795987136322,Rainy,High,5.438811478692944,85.58548603976335
378.9978135788091,76.06560909470504,Rainy,Medium,0.6945861448397628,171.76689340349841
118.25509191835312,69.90604118732543,Snowy,Low,14.607151415920784,162.57380596634195
43.10505536525253,16.23569472764565,Clear,High,10.945303687277782,38.220657167960084
148.42696919231517,81.76747937407116,Rainy,Low,16.80429521254135,200.42601775930754
84.80453719073219,23.219616611829405,Rainy,High,16.517073076563538,48.35908196898729
465.20033790957365,23.157943867439684,Rainy,Low,16.94486027186372,57.71728257015142
405.0195878843864,54.160467866447945,Snowy,Low,9.959345869601034,133.55218090009632
318.5348594726596,59.70105354932861,Snowy,Low,7.00575371881888,149.96725779794497
436.3729921429203,58.4285345759433,Foggy,Medium,15.935384950531715,134.54146624956238
402.81767806506167,10.057196902377733,Clear,Low,9.300235204070471,26.61929562850061
97.35217914858774,87.86862540040765,Foggy,Low,4.077122829866973,206.2330387439216
446.816704252539,27.2944042162819,Rainy,Low,17.17199338144875,65.74468173552253
271.9744097482471,13.821977206997612,Snowy,High,17.709917597060773,33.205533101674035
404.68287680621097,88.98605990702875,Snowy,Low,9.593040244733317,208.69697935720995
448.5651934621292,95.60949832474559,Foggy,High,1.9761446825408555,208.39432517231796
162.4117201110726,86.35063410927961,Snowy,Low,8.06260875338016,203.6865731180871
59.475702641199995,81.14209139776293,Rainy,Low,16.168984359520763,189.68601908309427
117.82790545826113,65.86895608326316,Snowy,Medium,18.08459355665146,152.8533734241117
216.41835536999687,55.53487969030479,Foggy,High,4.4677184787031194,138.96665491107217
409.9173091316341,9.611689231229605,Rainy,Low,1.8059854344927948,19.008930573636903
431.06163871189,41.43686809399917,Foggy,High,17.608333836090353,95.46461873542198
8.441304612939398,37.896163184219084,Snowy,High,8.093396310088067,98.30724309757858
257.81991477589503,26.715624592272295,Foggy,Medium,11.064338803217483,58.659220164221466
211.6184465586456,72.6185912551699,Foggy,Medium,19.377283334989798,166.93609771825876
114.94336618301148,50.09169777279831,Clear,Medium,1.7980121943273457,115.15649595744259
64.33335683017299,9.023575374857145,Snowy,Medium,13.142201145315862,26.362351641099337
172.11950984479583,22.79813699303132,Snowy,Medium,1.945055740209908,53.89721456468992
471.740303436697,68.64261760229999,Foggy,Medium,7.821644105096757,152.88348433606134
164.98545135027385,8.536955089539719,Clear,Medium,16.174383631272214,18.676961804328023
261.80135776296623,85.2694844908281,Snowy,Medium,8.952708538734871,194.83100786162535
352.99438465311306,50.01950617438346,Rainy,Low,19.945055901107533,117.1534596268213
184.99665317775052,48.57807115533815,Foggy,High,11.401656056458743,115.48472826762615
486.03213094687555,59.64837068129224,Snowy,Medium,6.762661976401093,140.55503125086503
481.41141099634507,82.64341562658977,Rainy,Medium,4.792170855142686,182.50544841269465
129.63223643355525,35.43311158231711,Snowy,High,7.335150418580155,87.90370773481482
251.1380104167308,68.12359910334729,Rainy,Low,7.764398838311241,159.4047980425465
153.93476335930097,57.007464435583316,Foggy,High,1.839916715617239,138.7938947557287
145.99604471684646,27.43579874677271,Snowy,High,7.706696888822076,66.36835643038053
23.259038940493735,87.98436864916064,Snowy,Medium,9.552651134914885,209.70577148173138
306.73434532004893,79.94517613908589,Clear,High,14.593386168656691,188.4654220554047
253.82611649828644,66.18673163118413,Foggy,High,13.306224952071355,160.95310134425623
30.48198186874473,85.20759118032994,Rainy,Medium,14.320930276968507,200.8728818343479
142.92999979712266,86.86212589502044,Snowy,Medium,0.6630917965987134,200.22824376494256
454.5916135534936,71.12793469478845,Snowy,Medium,4.744514291820453,176.14215417637777
123.58313588015135,83.86431950800353,Rainy,Medium,13.402843623797201,199.51204803726736
76.72296168515543,70.04967470525908,Foggy,High,9.937792679505069,165.67724994212105
247.2791163373937,68.33393640426974,Clear,High,0.603612775532746,151.5302322887247
492.89697478474733,62.24252644330325,Clear,Low,16.187645527420536,138.95746254945487
124.8173593981927,75.51894731620648,Snowy,Low,15.569786679161579,177.46932437906239
337.7070959659099,16.701905424014296,Rainy,High,11.194173678374472,40.42842488615168
382.0017095877152,88.20620516069391,Snowy,Low,1.7960348526373062,200.86532458142509
122.63058427623784,87.31250924677796,Rainy,High,15.4470434658854,203.94151420470595
365.4670925628705,3.8954810204213555,Clear,Low,11.882414960761597,18.12993729346747
187.05265069603035,82.7558583059115,Foggy,Medium,15.748219554580205,196.21786701486508
317.99138614382184,13.758116879871075,Rainy,Low,15.159066351718888,27.592114078910377
318.5972068266429,34.17676657165505,Clear,Medium,16.158540403177824,80.00664068512623
270.20846861700545,74.60731737286918,Snowy,Medium,10.601157294890184,169.378186456554
49.69343617693211,16.915229708782512,Rainy,Medium,3.236328104773542,37.45931385572215
418.4747353166728,81.97873538778715,Foggy,Medium,13.587570730903929,188.66155749073053
163.78613216100925,83.38128361781645,Snowy,Low,12.599238808513427,191.48246112498734
97.32666264792785,51.23930564232278,Snowy,High,14.9739371503822,113.58451288893687
25.183695069608138,1.6322012999665243,Clear,Medium,3.8126796179893385,3.5133795571306545
297.4920068781797,29.416775184316364,Rainy,Low,4.30201639805564,65.5799141313398
340.3943591119298,62.07576491919848,Snowy,Medium,17.862985585776904,130.53407207191486
13.210975319288796,98.13743162471492,Foggy,Low,15.124567069815381,238.47478388258133
258.4860638581441,63.54953917465017,Rainy,Low,18.210455529656297,154.06432931749092
117.11540872297928,26.72055452535182,Foggy,Low,15.294948762696453,61.372472205207366
324.3605312526777,63.76656460686152,Snowy,High,12.144528466810886,148.6093123372342
91.31138235747076,54.45855259186969,Foggy,Low,13.255588372043537,121.26654358783553
347.0141803607207,78.20469411996322,Clear,Low,17.837994516830193,190.91525725785237
196.43399641876601,11.591083243868882,Foggy,High,11.78673171298284,37.44051893850096
468.6813444246836,76.34176234770078,Rainy,High,12.831630824403554,178.41610274686178
73.07286735226666,54.585391288934915,Foggy,Low,3.551295962070211,131.5650366945734
173.82784376987797,96.33620838204047,Foggy,High,9.741463792264003,224.3872216364095
61.16939301409159,34.84534443782992,Clear,Medium,14.46974368318293,75.25609282532577
462.7233410478886,63.62956742026086,Foggy,Medium,5.783382617169126,145.5035221577012
439.28297992358563,93.27078244549173,Foggy,High,4.443956520228431,216.55954293496853
132.681105719002,11.148463071077247,Snowy,High,6.619622760376103,24.14217337650883
331.6921027869186,93.78562023640866,Snowy,Low,5.209262245860252,216.07244258351483
409.52498909960184,69.10068650778052,Rainy,High,4.690796422209719,159.63466768764843
279.8244017417339,7.715868851412019,Snowy,Low,8.784591435927695,18.297723701027227
267.1770362862232,30.79539312773481,Snowy,Medium,18.202851020728914,73.2189356796277
124.71688399572358,71.10903677588287,Snowy,High,10.387663111405006,159.99761593144694
51.08587006392011,7.667709545408398,Snowy,Low,4.164447425898799,14.543773046843599
449.12180018689673,58.63487555745105,Clear,Low,2.0009475529270446,129.22373596450478
450.7069382958486,35.24242263834272,Snowy,Medium,14.075044830189542,87.70657852602164
318.3852213502676,62.470636258980235,Clear,High,7.9645759065095625,134.5753926396937
172.81974656910683,5.528461347438772,Clear,Medium,16.525703458414505,20.191267775009642
177.85873943326715,87.28214380908526,Snowy,Low,13.360459988495018,209.88954518415065
364.34806104076847,97.3754079485623,Foggy,Low,16.026708285556687,225.02896025482147
449.0695786765257,96.91890767328346,Clear,High,5.802947768659751,211.44728606301427
444.10778001123305,75.21553134254955,Foggy,Low,14.000998987990634,173.34142449025208
391.0383951995238,13.878537772932566,Foggy,High,5.649208701527516,32.303422319182886
322.80566484637245,76.06805639697323,Snowy,Medium,18.811835349280685,172.54540271229166
46.64928267254917,3.4341047294213496,Rainy,High,12.9092984899008,6.647619804912184
85.00621347683382,3.190231601370728,Snowy,High,6.827980103419171,15.703209003825055
449.7843233209042,33.037411695804586,Rainy,Low,5.755481314699317,80.21660496028723
305.182384531497,49.37567585006191,Rainy,Low,4.223068408897048,109.85729748264222
9.552540550231676,77.27033436297152,Snowy,High,14.045498698427691,171.91102640032983
55.22841371868589,68.646242284044,Snowy,Low,4.764954453459582,157.41422853343875
333.43337570848763,45.144367931298085,Rainy,Low,12.108413685586036,104.427047393105
7.50548400387825,28.08903996188492,Snowy,Low,5.660383025044468,67.9327165512752
84.59998545166184,99.7153255156134,Rainy,High,13.408394423480438,229.00665782057672
276.62322573646014,43.19194892136132,Foggy,Low,16.391324706540516,103.97003235580802
347.4881228578832,45.68731540863787,Snowy,High,15.671492241320736,116.78061801838672
327.72082345378726,17.19875829797525,Foggy,Low,15.336600953150244,45.34029687585916
116.0133081829771,79.68614532624301,Clear,Medium,4.160586910998916,184.25061185806737
357.52871456703025,69.67454035236737,Foggy,Low,2.2235064661981148,160.254786505322
122.43829831091604,22.85619166608728,Foggy,Low,14.129502155504019,52.42738729331266
166.07285058883753,9.155723515968427,Rainy,High,7.682770668989851,27.821202951046775
374.5132455334219,68.3694309053966,Foggy,High,8.930751414865272,155.68989330319616
326.56828502837124,65.7966102138324,Snowy,Low,1.1074073094711259,152.32702386989985
425.36558819461806,28.052693172822725,Rainy,Medium,5.56174076086346,65.61388481471226
330.51838168867,95.13549266279063,Clear,Low,1.1566898755520485,217.36973607454388
286.31275865105846,15.954731286309123,Snowy,Low,17.644122565724327,31.75751378852601
51.36901007490577,43.80114530321759,Clear,Medium,5.246235322761344,103.32014170079711
187.0193225144196,94.41797609659228,Foggy,High,11.368074806673658,218.93731240451862
136.2751720024541,42.55300437568611,Snowy,Low,1.260096752892043,100.92465213030698
125.77487347264638,64.21406881874447,Snowy,High,13.503524130460333,147.01684985214993
486.64022460246053,40.36184539831663,Clear,High,6.79903324220483,100.01987268839714
199.5833737100464,28.147305032518332,Snowy,Medium,18.009424145674483,62.43734813362558
446.5630448126711,98.41378714802299,Snowy,Medium,17.8183046842137,237.67788020044395
317.4136198686451,41.524066625189256,Snowy,High,6.843167058054082,87.86672806085129
398.431595253116,89.51582116423431,Foggy,Low,18.068737465964123,210.76227095876214
253.80536108707008,23.765505983217533,Clear,High,19.92507463322619,59.26797969718824
290.56742289004774,22.097365698483248,Snowy,Low,16.595605450416986,48.72668996883359
248.79625844033762,4.082274205566625,Rainy,Low,16.974991281226966,13.249522232286663
101.64527896003203,65.51501571221262,Rainy,Medium,5.355670354127254,158.27284667942467
362.6137970544451,37.48410802865235,Rainy,Low,11.745696777726248,76.67876502718923
143.98231940822362,86.57146673412407,Rainy,Low,1.8114903223636731,202.67496122551705
17.03640338356965,47.84778076246416,Foggy,High,2.3508997680225594,98.29710943644409
324.50878647404807,96.85114936355745,Snowy,Medium,19.978405934649167,220.89567160566662
92.66978630648923,19.367026054608992,Clear,Low,6.869465363805263,53.57060854703202
470.52699925469256,86.99369362760547,Snowy,Low,15.089586284952505,199.55548074130363
477.19464561628075,77.88308842638243,Foggy,Medium,16.229968534022923,175.66353129630085
457.857873159122,77.32126261976114,Rainy,High,17.23145378464097,179.34557338518894
188.22855662644497,84.63353958357187,Foggy,Medium,19.95375179934205,207.83838330880297
12.651025181789377,76.3413751033569,Snowy,Medium,5.209181462508923,167.7110833989752
464.51768848092405,62.995811841510125,Clear,Low,1.2868411237641442,140.39245990806808
216.9511534170706,13.99324289055637,Foggy,Low,8.518234600894427,40.66337295317279
483.4941354266164,4.22009176963394,Clear,High,3.0365730616644653,19.34058101170951
481.9918886591802,92.16393693375299,Foggy,Low,0.9373048386600749,212.47526867938402
427.23968045634325,62.048381137553065,Clear,Low,7.528323129258979,137.88932922804028
150.7522015744449,79.85719180664145,Clear,Medium,15.78289589596711,196.52762017198427
195.623375657953,48.67071279974246,Rainy,Low,11.540523478888883,121.55561087403997
426.3126524008442,12.613510707277053,Clear,High,6.599170789601904,33.19186175158135
161.87639255235743,13.393393428052493,Rainy,Medium,13.259669107108035,28.202693984824958
88.89890960961579,68.87096343566816,Snowy,High,5.024354516021809,159.34921428380545
280.6166249168833,43.600283595046804,Snowy,Medium,0.780438198405658,99.99289851917452
468.3966132095866,20.851947943333336,Rainy,Low,15.404891035510333,51.36274537572893
349.5347493541116,49.66786012740225,Rainy,Medium,12.662990154848178,123.2540631004407
287.18027919423565,7.3566847704382745,Foggy,Medium,15.36490117776872,22.927517143176303
53.10236441653043,58.61516878952548,Foggy,Low,1.2592913254094795,130.14008865142102
309.428577216089,27.63034703907467,Foggy,Low,16.823832742697718,72.39096718462996
495.07665580161034,79.95835096308163,Snowy,High,12.580760900707915,187.52752751485514
74.3415875420794,31.725833933433805,Foggy,High,11.486209338896483,77.87062629941632
261.57317792004966,46.06679475909832,Clear,Low,12.679973938233365,115.01499758373348
439.29967060433796,2.150433450901963,Clear,Low,17.3564483139331,1.1452448554090893
371.6804657883312,8.17224189166133,Foggy,Low,11.945261877898687,19.893277063995225
350.02279179265764,39.8568620842618,Clear,Medium,11.828532407819496,90.59493189863063
352.7296215736191,48.51394463699523,Snowy,Medium,19.818243562782435,106.20973934090993
182.94811985377882,60.40203426381107,Clear,Medium,15.256238257837076,142.78787286321187
150.3279629109242,29.87459529222102,Snowy,Low,9.124729206297138,82.48057080358238
405.6337719618642,69.80320672652772,Rainy,High,14.29424150064209,153.4744429658145
406.0061303661945,86.15211732173125,Rainy,Low,8.089994197989874,199.65898737775083
434.2007976971513,78.20524790044163,Rainy,Medium,4.96307151842823,184.35314447723687
457.0540735154533,4.922263709487357,Rainy,Medium,12.138611599311309,13.199681337127831
258.1144874361642,48.57018777852507,Clear,Low,18.599550913222053,113.49144859713641
253.2505658701638,11.388087663399311,Foggy,Low,18.618220640301523,21.67222274925344
400.1561135885537,24.96245657039022,Clear,Medium,7.167152923057062,59.54392368460793
326.73214573499376,98.6795967334475,Snowy,Medium,10.789710591323052,225.2450196283164
352.47360424256317,15.107058747249809,Clear,Medium,4.626900022112293,24.410387183465524
398.91737137087,50.38992719168425,Clear,Low,19.914806635228228,124.3651735788821
445.5526441996953,62.19741769749379,Snowy,Medium,19.631799203424748,150.43114390076335
172.30760264151021,70.54403208386628,Rainy,Medium,13.165424129295223,164.53156141091605
190.9135615567723,56.4052196652045,Rainy,High,16.186074163710728,133.06003828402197
51.52106022123016,1.9673138944991821,Rainy,Low,14.444453145032151,11.360530474374134
291.2486697931061,33.319669516155194,Foggy,High,12.06658527126963,79.29679339333588
22.791425529387332,52.25345269508643,Snowy,High,1.540285941283505,125.37959209358458
235.47101897556777,9.698783415338502,Snowy,Medium,9.36790467977689,21.853569153040382
273.60909418025045,35.71206618970889,Clear,Low,13.658332892264506,90.42062488032371
146.83791980350077,4.2871077703452904,Foggy,Medium,13.71186647073185,12.878334226234225
297.46246398166033,8.779271218347054,Rainy,Low,7.77589105923648,22.027965338334717
20.097623719829468,40.29540434395801,Foggy,High,18.862993739831595,88.61837796496602
23.487353430861138,14.138859650262974,Snowy,Low,3.7634621286172294,34.47189127647774
412.18727752653086,57.18654397789426,Snowy,Medium,10.257009201203433,128.96684292158386
183.29436749857513,69.25703194458931,Clear,Medium,13.972237542741045,158.18955391363295
67.89495376268297,80.2580832117992,Clear,Medium,14.09414821489028,182.7287088991646
263.51041372712814,20.8148741802362,Snowy,Low,13.148459656991903,44.066030662548684
386.1468087838124,17.580775643647907,Rainy,High,5.868120162311273,51.822260768142606
111.83140861093737,11.352216193105624,Rainy,High,3.5460280893891283,33.23491752495492
313.33078553040514,64.00659470482003,Foggy,Low,12.900836373120862,158.74715491616766
47.24699517191516,70.94109692220322,Snowy,Medium,12.186391264719036,158.97809791898354
30.58245197846081,4.127028337738562,Snowy,High,3.997442200640199,10.289448429794561
268.02054262623324,93.6850123781253,Rainy,Medium,14.250213338625985,211.36986180131154
272.6143851970027,6.145157081495769,Rainy,Low,9.3758538388063,11.654423856150537
320.5278012416122,54.58833719480597,Snowy,Medium,13.521331536261481,122.86055715654506
364.41521019271744,71.19699142564073,Clear,High,16.828658055517938,172.3458360309897
488.04677933395465,87.22594325086247,Snowy,High,3.8097043572500016,199.89175095470853
260.5686724090917,71.69460628111035,Snowy,Medium,0.8733249259383152,171.04376967042884
164.86345410591676,80.37108022390939,Rainy,Low,15.692500434717843,190.24704980864507
398.61716641050833,34.6055690617378,Rainy,Medium,12.38909979047601,92.69596827218588
139.06196437472673,81.66768626090472,Clear,Low,14.142971607631374,182.66943130775442
222.29085324928988,8.93136979208284,Clear,Medium,16.84402201227853,28.61203261987321
43.835908764421646,89.58684894999223,Foggy,High,16.15481322907776,214.29330674939348
17.54861799065147,55.21164523921989,Snowy,Low,19.237942865112082,124.59580059897398
481.5109652655729,81.91247922628688,Rainy,Low,10.950734037616305,195.3485670988501
418.81015965354186,45.77951016731171,Clear,Low,10.025664836868154,108.43395978530802
349.5072320163805,64.71419182445598,Foggy,High,8.336800397869236,149.1860818545132
207.43170748506358,53.11386343267521,Foggy,Medium,3.4969753354619884,118.92304462816595
90.78068843506865,73.42736265377786,Rainy,High,11.665841041199437,167.1882445771009
82.4363361221876,9.081368221028368,Rainy,Low,5.9017442243565865,31.817195491940822
128.87023459147468,6.974856315065816,Foggy,Medium,18.465496488153022,17.96188183140475
276.8671990295296,25.463220167004497,Clear,High,11.872220683403402,63.91791066177802
358.7249817365309,16.794923331205645,Foggy,Low,12.060383519908148,36.047814338738085
331.797701475277,87.30657309262797,Snowy,Low,7.421030887101695,198.5210222015726
143.5672789882417,22.70218474844639,Snowy,High,1.5137923635652961,58.00335005151741
477.6583139282811,97.610660326094,Rainy,High,1.119003424773278,218.84464463799682
370.2589737644054,34.352683385339574,Clear,High,8.75503531098735,78.15413331170679
279.4052559931433,19.02967365318123,Clear,Low,2.1490248728961383,44.34358568149942
307.80176938600437,79.18015220710544,Snowy,High,12.333515633032713,184.69636617091712
212.70203090175602,66.21206977458674,Foggy,Low,17.67897360997332,153.82231211521193
127.62683980307294,50.32137592886076,Rainy,High,17.716838922115084,119.99316119335948
181.20647593237447,55.98099154282549,Foggy,Low,13.351385497578532,134.1155077927738
380.1338246798627,72.20097604895412,Foggy,Low,4.619020713722155,170.91934447175288
12.124776871729155,23.617019391798575,Foggy,Medium,17.328438211498007,51.35913957286538
62.45595705092354,99.63705768961745,Clear,High,17.77882198860756,230.5187099722331
27.77130780076761,97.50452305253152,Snowy,High,4.334744906582695,231.64273705139078
25.160757147890216,65.38224294834676,Clear,Low,14.879808672528206,156.9941980158032
428.45298908544856,20.754702641985368,Snowy,Low,6.087131204078897,41.68777896598878
353.3106403931117,68.34259600069784,Rainy,Low,16.15148609088213,161.2439448724612
239.71604539822596,8.14764248893841,Rainy,Medium,19.94613904812025,10.924541807385697
53.427909522245734,4.0345977183748,Foggy,Medium,1.0855071039231599,9.663145950139954
248.349858182832,26.510605962610153,Snowy,Low,17.99863438292317,72.52819829565166
239.36852653638002,46.799672717192315,Snowy,High,12.641295405173832,104.63190993088672
90.73492560545752,86.95897803542967,Snowy,High,19.480961073714013,198.65172014175602
219.75656637279664,72.98973790686449,Foggy,Medium,9.567685591765338,173.3832120318978
202.25984352669985,74.52794559879813,Foggy,Medium,17.024064646141788,166.1479532217896
309.84579853584717,43.12384011035946,Rainy,Low,1.716684337666406,96.6239639392718
319.37135717948365,35.24756426214933,Clear,High,7.0379414765267665,85.10787328112639
27.425484837162035,37.73283753547567,Snowy,Low,1.8068224861485944,84.17210771711663
190.43324424010325,98.77730680986973,Snowy,Medium,19.519191102841877,228.94764790502842
314.800658278547,4.970809949835766,Clear,High,16.430991191800814,16.846598654875873
254.05244799714342,86.8361181161224,Snowy,High,17.124674714296425,204.4116307373552
428.9624713882195,58.28886544866695,Foggy,Medium,18.79032201296094,137.86040336919376
331.0533476513778,44.42292649976945,Foggy,Low,2.1595179793358144,101.13730061605084
85.6525414053077,72.80050838109851,Snowy,Low,8.019153054010001,170.82139524208333
39.931529963212775,49.18022520104558,Foggy,High,1.8851803363580415,113.1761748475523
322.99754271212623,87.4689005700844,Foggy,Medium,4.6104654802255585,204.80323491454644
18.123098718102796,90.1694845371146,Snowy,High,4.972632652234611,206.30411242036828
294.9589127303643,42.750371760472085,Rainy,Medium,9.647590615427784,98.8052729563356
470.41396950535403,28.405951926270106,Clear,Low,5.736962265346031,61.241656213458484
289.85971804856007,59.64268253074286,Foggy,Medium,2.469073082946341,137.84646590427946
197.14411347222836,91.3239712160524,Rainy,Low,3.7660762373351,207.27997681467033
323.4276681289648,21.85555671156099,Foggy,Medium,3.371873489265773,45.2532911018225
231.83518079330074,62.67369177278479,Foggy,High,19.474997559289818,148.0170334903388
275.08031071138777,63.52446178915953,Clear,Low,15.306203884910236,149.33582600073785
471.02508034437994,73.57818921911282,Foggy,High,19.371348572756457,175.8171206281691
196.12080571138324,14.02520082759872,Clear,High,9.074939486904217,31.150080012567976
480.78932909283753,71.86667150352677,Clear,Low,5.9281853924218035,168.6450939465728
453.14856776825155,90.99421954589846,Clear,Low,16.066717345579143,214.5573067469517
101.91661172070174,18.788627778153955,Rainy,High,6.861951401802362,46.31179434687385
39.3338439332069,24.516789167463887,Snowy,High,6.337975787254291,53.139312141556296
54.88511068182619,97.16811431012232,Rainy,High,5.033866848052709,225.70854815254378
14.019803697517116,18.916718318239486,Snowy,High,3.0287400753725895,45.82119480294378
51.749265574184555,85.58412424358833,Snowy,Low,5.501029689826936,198.28532230621144
343.08835284109665,49.73550778835544,Clear,Low,7.42873509524081,105.19950820876973
40.23838098781335,25.475876365914527,Foggy,High,13.642887058841744,61.016011231014126
162.89293699541184,87.20424022597862,Clear,Medium,1.7200144232793058,212.67645156132477
423.21327892988,45.08522024526388,Foggy,Medium,4.604885323474187,102.80715095512207
16.519608189233804,51.96691803903933,Snowy,Low,16.27596098568769,118.03079127947301
408.1618988815232,36.564103570576805,Clear,High,3.3649775098835297,86.66631979757776
144.51811351283297,59.70213429205781,Foggy,High,7.18158035718917,140.19197930270533
63.49158967271985,17.188863385917255,Rainy,Low,17.360848976233733,47.406035146174304
349.88489685525457,39.71707212852431,Foggy,Medium,3.5210435672971316,85.80920019407642
316.32670915604257,96.97181991119346,Clear,Medium,2.1133682945547028,227.87314208718732
439.3486466958912,26.555209837411628,Rainy,Medium,9.948490904060211,65.2894941210842
368.8601666829235,66.01692978958793,Foggy,Low,6.39718046993146,152.42809317623858
402.72306054050006,33.193816358244796,Foggy,Medium,11.486463107435155,79.51979868789745
144.60711342279671,77.57383944297347,Foggy,Low,16.174195364427767,185.96027605770328
92.8325741709628,13.956492411116633,Foggy,Low,3.174395518978492,36.91851392171952
376.55430206222485,97.01228346277593,Foggy,High,11.823632148808557,219.56564145352462
404.3831959372957,45.92516459698029,Rainy,Medium,10.357420827602347,111.22366323556213
495.3000452903333,24.36899587129993,Snowy,Low,3.3095363272573914,56.299891070265986
209.2457500711561,8.276177985671254,Rainy,Medium,12.667970467815158,20.74913868375969
189.14895246742768,17.806032603666534,Rainy,Medium,5.835988148285047,42.08151908430667
389.32441556728844,52.45762090704575,Rainy,High,10.012769211608244,121.4271662724452
173.69775242524383,34.36331446669735,Snowy,Medium,2.1043103234027067,85.54822493594646
465.7248761737645,83.05945322237834,Clear,High,9.461889115665649,192.39493605601447
429.91431216229086,43.65786484251879,Snowy,Low,6.476037626834996,95.89954090698606
217.35204355063408,25.62271298617536,Rainy,Medium,16.53643361811441,58.874461080027885
376.6811785567912,62.09735367379898,Foggy,Low,1.6110851764486815,144.49946908817287
378.4987226719178,70.97094447165914,Foggy,Medium,8.662841860907434,170.95523983710862
56.046315073786644,17.537148882194035,Rainy,Low,9.439412770563042,44.47022861966869
451.7636888063855,17.59430241254345,Foggy,Medium,14.637618487832816,37.853924028023435
255.0999243616893,4.630471266420754,Rainy,Medium,11.698607714259115,24.29219898025231
414.0964457233321,73.9037994914984,Foggy,Medium,13.51064057528653,173.39271743777985
163.4245525101528,66.7166482345587,Snowy,Medium,15.652461070209245,162.0576572188466
448.2839981056192,47.98845669923158,Clear,Medium,17.31295798633468,111.82605860597226
197.65483097341075,84.57287444795051,Clear,Medium,6.620572186088175,198.69219341690177
10.364637482747689,80.76134514205526,Snowy,Medium,10.991442754596108,191.85519407619933
453.1640783275355,58.95008207527846,Snowy,Medium,16.882107529564397,143.95387390562098
50.18690500913611,86.9588567708126,Rainy,Medium,19.7942970538186,208.1412303728501
163.06025060725537,21.378279793640058,Rainy,Low,17.84562656535338,55.52937398020876
475.28067369014843,12.08004232037506,Rainy,High,7.743611621175347,27.103825266213384
475.55053773409026,27.70521154018197,Foggy,Medium,4.305747085763683,61.57088315661642
288.8517546210266,6.651598752842171,Rainy,High,10.04315447942848,18.032546118629252
317.75942002405066,53.58578327210217,Snowy,Medium,14.962008310802824,129.94500055134165
226.98053337926828,93.72396353720119,Clear,Medium,10.105096879689302,216.39926195502062
150.13933199054193,4.895010526182455,Foggy,Low,9.922026834616535,17.625536827515056
167.6889499581084,13.088881486992653,Rainy,Low,16.84549321109511,39.182949283493436
337.89663575813404,45.76770380006009,Foggy,High,7.547373691810134,101.89652855195273
377.42539207165163,93.45362673526259,Foggy,Low,17.26599615882709,213.4198738553579
396.831626644295,32.2994543926983,Rainy,Low,8.43269361855861,74.75313371446225
395.86098068330415,51.21624606015085,Foggy,High,6.900545560727618,120.53764629596722
50.147021009101735,5.115713045988818,Clear,Low,9.35280326839413,10.129742394238328
249.73805082777784,15.685976895246798,Snowy,Medium,15.367715694159935,44.53239159177182
33.49158620823892,98.67638217292584,Snowy,High,2.9570395433478884,230.35848108138575
277.0167967502491,96.5467509471685,Clear,High,4.330174709504339,223.65324740011337
223.5575981798216,1.489058112506552,Foggy,Medium,19.053174100430294,0.0
444.41357046535836,95.22936675690066,Rainy,Low,3.9220867339364687,213.79296679969664
178.70293121327896,64.27287384373454,Foggy,High,11.570682699655563,151.03245310040137
62.9481731316649,86.9239111574822,Clear,High,11.796632099907788,191.31091985300048
75.78088261615375,46.01924570775205,Foggy,Medium,10.047677009979774,112.37241233412557
381.94776270014876,52.044006829345776,Snowy,Medium,13.072532347247963,120.73813978865195
311.0179413415492,49.3958114454351,Foggy,Low,4.98162115305356,130.81795140223412
55.05572468078117,67.01956149706433,Clear,High,11.27691422164659,167.4824597334638
46.63286902692373,14.825474220874977,Snowy,Low,7.757378477314495,34.11533795171506
351.9797200722644,3.9673853973951174,Foggy,Low,13.402511562769186,9.973226411603065
41.017688150275795,31.4850642175279,Foggy,Medium,3.2538590957764146,78.03379182207725
411.82072934872633,70.76339551092802,Snowy,High,11.632109628369786,173.14251764267092
354.58990244246564,20.983491760171887,Rainy,High,4.112771929974812,40.692997871814455
45.26764641774038,67.66981089916682,Snowy,High,5.93353973074321,147.97873982337623
46.99466847217,97.02129256461977,Rainy,Medium,4.764841106309873,221.48549590713077
493.38659135808183,10.29617086315242,Clear,Medium,4.065336707441934,27.104376280495607
190.26404389927956,67.5876097042875,Clear,Medium,16.601363555433007,160.2718827249854
188.467862798111,44.93127171115254,Snowy,Medium,6.071297569387362,109.74722468462036
407.33578579246375,86.94608318337303,Snowy,Medium,18.57891374635676,196.70485588640085
473.88804580501005,18.537829155291206,Clear,High,19.41356724423122,33.18302275830142
493.0705265923211,69.56996927039029,Rainy,Low,11.639579163773398,166.16065790748962
377.9222017031761,83.97341367516292,Clear,High,3.288521891981665,190.16645641399833
191.2484948378033,94.5168077279283,Snowy,Low,7.803690745901834,209.0217556041614
46.33285476584104,68.64155480067494,Clear,Medium,16.055779135290173,160.892888232885
389.6877233840812,50.2203016368343,Snowy,Low,7.664119209592874,120.7411871431399
281.4101036192235,62.16687677992017,Snowy,High,2.1968357569043806,143.21488327669962
214.98989457725327,87.0215934633931,Clear,High,11.357305763099665,199.86636954583557
453.6454206218943,57.490364917244136,Rainy,Low,16.979856604172678,133.7039174585217
60.042753741544914,4.0083189099868495,Foggy,Medium,16.020564549298296,9.008359324995538
248.8494266239753,93.1639208551908,Clear,Medium,3.9149012325418884,208.8599117390441
10.620054159872439,69.26314835212455,Foggy,High,13.618909981043101,157.78636030655986
236.9870177870925,67.9748251919474,Clear,Low,4.799833136995119,160.1082290321671
32.87012146250949,22.351840087374,Foggy,Medium,4.755046923767359,53.716648001093176
63.8148685526956,66.22966155303307,Rainy,Medium,17.54439957945111,155.58525717528562
63.17549215466692,39.99257615976169,Rainy,High,5.368544578434488,87.94396297762606
326.3590995474515,65.47206472710772,Clear,Medium,5.633323257101218,150.89628603465061
374.29221523638455,11.552710000491082,Snowy,Low,0.5127411198453413,15.852708980904659
293.767538723094,66.12668515570057,Foggy,High,17.478046165447594,155.39283064564003
481.27541149489826,99.941958851296,Snowy,High,15.955598857578128,239.6057733713194
190.5609368642335,5.772991847195047,Snowy,Low,12.732914234268222,7.2382419302368515
146.42748270952106,97.74024423791042,Snowy,High,15.130182396807424,224.36334406266502
434.95656845378284,41.28388811156419,Rainy,Medium,3.46494706477759,97.35781013774168
115.67994006712905,87.20459158338866,Clear,Medium,9.437310094457722,208.650550739211
481.7951570231026,78.45616292176908,Clear,Low,7.348778053301228,179.72749107311594
11.01646497145909,57.13460983768011,Rainy,Medium,2.3286422620118215,128.75256130491275
485.0900192202813,74.10647171588133,Rainy,Low,9.97954446169102,162.33928839777457
26.364156415535177,87.97304056883344,Clear,Low,18.45442318168139,205.5803566787139
446.11584128054517,41.009891843452266,Snowy,Medium,1.2811528214885424,105.0713456412423
266.21204899771845,33.37628299476063,Foggy,Low,6.1834878131289805,79.10435480903334
496.51757407905365,67.0917451707949,Foggy,Medium,4.547048256011218,155.32524127421874
41.529299544022436,80.9767482521846,Foggy,High,5.143859746481078,189.18108599102948
279.1578707786538,76.46622834288496,Snowy,High,18.214473761647817,178.40297482848604
484.804755131454,79.98355123700482,Clear,Low,9.627346557568657,181.65966615193733
263.9334328642237,44.12274816648036,Rainy,Medium,9.592838552326466,106.99923169819081
316.55232587695497,81.96558740132714,Clear,Medium,15.331225027878006,192.00243701541226
349.3956010473855,12.900696481690236,Snowy,High,3.512597978096053,30.23993493018234
229.99782706004774,54.904420698124106,Rainy,High,10.00167440495099,122.95254911677054
315.6412496416114,1.5701073893140354,Snowy,Medium,8.884711675360665,11.032958896525283
294.2355844019346,33.13399716012676,Foggy,Low,12.139758465659794,81.07702301312436
451.0732151930396,37.27969195226839,Foggy,High,19.991375213383552,85.35062174424182
27.495958269021646,40.22109646931629,Snowy,Low,15.504253434599919,99.47028245599031
144.07677884815402,69.85125346229636,Rainy,Low,8.258381208839829,159.69437942686253
475.45368461789656,39.467252025764225,Rainy,High,16.637284519343915,88.92306316889456
445.6805730260036,45.420668639630534,Clear,Low,3.8288130845933637,101.50611027860442
230.5500926289279,24.51686895655842,Foggy,Low,1.0940418830247225,47.88802871251197
311.96563591176067,37.95192737130467,Clear,Medium,4.486743263053325,90.47533845611015
142.30368557566067,23.499693099051996,Clear,Low,7.138025344228064,45.84236920154117
98.11997406326185,8.24639645307592,Snowy,Medium,10.456324770461418,13.952589127322703
234.53071044529116,60.741410744756415,Snowy,High,12.495018240553396,131.18422059904998
179.90935287289614,67.15306705694661,Clear,High,18.256811485681222,156.51891758616034
293.9097753661817,62.329544254951834,Foggy,Medium,10.442153186233925,144.2738602462028
43.4786452976675,46.885910336256664,Snowy,High,10.274875070201723,107.70045931784125
487.32542979475244,38.59879223774375,Clear,Low,1.4797386915481516,84.09829546499
493.17431851740344,86.4700313076107,Clear,Low,1.1807752767963642,194.00268108107718
350.59004843977385,52.38909672848559,Clear,Low,11.247619257369255,124.4654246862715
270.3677013403396,48.43900588534336,Clear,High,9.044482958342718,110.04579223243499
158.21617006173224,3.538564514837133,Clear,Low,16.864017702115824,11.442277407166085
407.8285347549396,34.783534934989476,Clear,High,3.633251901880981,76.28704745939267
343.94193041417026,38.63936625979985,Snowy,Low,0.9869474112824672,90.26094451512131
85.4953849757212,40.48345530879315,Foggy,Medium,9.256255974637455,100.95879754735624
455.90895632445205,58.4370645535059,Clear,High,5.130831856669021,138.43353130622947
412.1559352469686,53.82665212596097,Rainy,High,1.4674802801073303,122.42424534789816
475.1509570795024,61.18260418655102,Snowy,Low,14.629666593528764,144.08077718206536
364.2311566522382,76.7234428926707,Snowy,High,2.6760634991663257,176.2954335593349
308.640521988216,81.48558813289326,Clear,High,12.362230250151548,189.50733253547222
212.03030296385634,72.09418454642295,Snowy,Medium,5.980470128254338,165.50755805431996
466.7005992602366,95.59684589953854,Clear,Medium,3.8831729819229297,220.39535529669936
433.70162530270215,2.8050256849598014,Foggy,Low,7.90515469692669,8.330591567320687
27.38324170256376,20.382020582671064,Foggy,Medium,16.128192636347595,43.72849331169517
18.051652376139742,1.74872462283607,Snowy,Low,8.145824749639168,0.0
191.34936660463455,65.0999967013057,Snowy,Low,15.140008159615586,144.9522804268217
406.2238987370073,89.9050243460487,Rainy,Low,2.9469827875834382,199.97394899561232
493.7016840108975,25.10474736105363,Snowy,High,15.569042683469043,53.4624572112784
79.45636109624645,92.77641993483437,Rainy,Medium,5.1201998356796485,215.62286256705602
299.0947040993069,6.966471638666524,Foggy,Low,13.70916603283302,12.999528511143554
193.54097403235565,93.50916665374592,Foggy,Medium,11.532740319399428,219.7275213232485
485.10762691822856,35.81064603672381,Clear,Low,18.618321985627905,84.75799328715762
421.8488669521758,11.040662016472435,Foggy,Medium,8.052789100518623,16.466687100912917
419.9727088320132,49.10130415944624,Rainy,Medium,1.7902211822715888,116.87791264765642
237.00311409851028,26.420880204330285,Snowy,Low,0.8735319682494316,65.17357969678645
210.33565365714426,29.20241729423036,Clear,High,16.623741938968685,64.15064476939475
140.3365006056996,31.42170652770237,Rainy,Medium,10.732344934397927,75.75833428690723
32.90587084220893,80.49956388543367,Snowy,High,15.617259010781511,183.23322728938393
433.0375762462513,54.37696639085019,Clear,High,5.071299200224536,126.60627416662807
407.3859995193884,31.81946221644436,Foggy,Low,7.229133037508058,67.90337898896244
499.86024827663465,61.42304454778092,Rainy,Low,1.0870255081207194,133.0304031935131
498.33523435158315,71.89891674809616,Snowy,Low,19.249100329195187,166.0973217729568
279.9386942733006,27.989776072619843,Clear,Medium,13.523424180665861,65.39008041444424
385.6487705143527,41.9413610510098,Clear,Low,18.69749921130647,96.76589548089028
472.6590362918019,13.066723240357808,Foggy,Low,5.677179944866911,24.831695888600432
425.57545838531865,18.93378560393335,Snowy,Medium,12.423540418900387,42.9799034763204
127.43731036288284,68.4306675425333,Foggy,Medium,13.730749381706437,160.79439072432623
228.0193469784963,18.96239642186707,Foggy,Low,6.692219155022975,44.24789249940254
68.93391049999002,52.99117498303896,Snowy,Low,17.038130082804788,125.02593237209653
477.2552584930676,71.19557991052083,Snowy,Low,18.96964852655483,163.00817844368746
305.0564440531856,11.58081538637964,Snowy,Low,17.754674795072084,34.38574059562498
118.17818872421405,57.16390974326145,Rainy,High,14.911806030817765,127.65894542724183
337.49183878089906,26.39971558643501,Snowy,High,5.910561254636604,64.01220061556212
310.9734790266584,96.3297606485204,Clear,Low,5.9915128210598185,229.03035384498793
182.29054542625605,48.871019025272545,Foggy,High,19.28552624869774,117.22514703699385
61.21100813881637,80.79326242774066,Rainy,Medium,0.7005476707459946,185.68986983983137
337.4287318184358,55.472427673469916,Snowy,High,14.462974478221817,126.94612014022279
262.5523119473777,5.297840752627097,Rainy,High,14.271800169827612,18.84563041078264
387.29760390914146,63.68198618380821,Snowy,Low,12.64244604852105,141.2547580631407
262.4809330504367,95.18893087845905,Rainy,High,19.807122498693882,217.01652127721155
426.8298426576774,60.55957019448679,Foggy,High,6.581648997392642,138.56298322154512
278.19388519337036,82.09969708325222,Foggy,High,7.12945134396834,196.55151418426948
282.6642959100162,88.53643987149238,Clear,High,2.0393183574578333,206.62194611909766
438.9435333158808,23.579897422944313,Clear,Medium,9.134563662602881,50.542790620710434
204.72401877513653,21.99243915091444,Snowy,Low,5.590446261579538,49.81004053784579
71.33753808306716,61.48711789624818,Foggy,Low,7.196040692464062,139.68323068909822
19.247424775102793,41.69181851086377,Rainy,Medium,16.77414990998474,94.43657078992611
378.7929415584414,84.14626898380531,Rainy,High,18.741948013786168,201.1465239467528
312.053227919965,90.10228921640311,Rainy,Medium,4.12179490410112,201.68975193398379
353.51948520911566,35.988716550969094,Clear,High,7.763924165292584,91.95423192793973
110.41725994691082,24.450185338473723,Rainy,Medium,18.608295961250185,62.48190617892243
72.50388041545104,78.27202600914232,Clear,Low,1.7052649834398412,186.43321493248123
12.199609505601554,28.205797519265474,Clear,Low,2.301030298171881,63.07079773919415
178.5408416092655,82.43881753285416,Snowy,Low,3.6744242895214727,190.05140733444972
297.0092549930434,42.95008711122752,Rainy,High,12.106650265474057,93.25960718085942
199.1608023243675,67.08744002985557,Rainy,High,3.4342092846169505,152.69209536209405
221.5500864017459,10.45799606963215,Foggy,Medium,19.377489438289302,28.563994102894952
452.5585537744055,62.762073142980725,Snowy,Medium,9.210933281541147,152.38179759734658
177.38645617653367,45.72500019498568,Foggy,Low,10.279600226828244,101.11692638908748
259.42479713410637,59.07423785437194,Snowy,High,5.309843008205426,135.1649440594934
392.9082413068658,17.633406566741478,Rainy,Medium,9.683724922477303,40.94504556025793
201.28867724902872,73.95050074947403,Clear,High,13.407315836421725,165.18744230396476
312.9329166127974,86.41691067677962,Clear,High,15.147954170603834,204.09460528921332
431.8700358296389,22.45724020898679,Clear,Low,15.200427612843304,49.77631598533077
475.0127087105328,10.475740996496011,Clear,Low,11.768876697534722,24.39889761577414
77.80137305987378,3.340220018587303,Clear,High,18.135015612380215,7.269662944615304
463.66087445493974,64.55517854388333,Foggy,High,16.43945302246913,146.81971521001904
248.5975650743714,61.102309572789295,Snowy,High,15.262438236623195,142.63735400940283
132.8309722079844,55.12304385869293,Rainy,High,1.5843076727689822,126.41461418801745
232.27219933793936,23.962762515481565,Foggy,Low,0.6341202632831616,53.5581040256974
490.11612476631115,39.69969359464595,Snowy,Medium,4.642721905311722,88.52825628576161
248.84595652647045,59.85315718343113,Clear,Low,13.438710081312319,141.2022874557719
167.73204709231658,50.17991902705777,Snowy,Medium,8.518351033209644,125.03553439828585
318.53342288677925,98.79076650127384,Snowy,High,8.34692205633658,229.74079898777185
123.87208129520558,14.50753550311658,Clear,Medium,17.74944432047747,40.2679425188027
42.55234741378864,69.81931085071179,Clear,Low,17.963475538570854,156.12784599323402
68.79546234577137,41.02755804232492,Clear,Low,18.22891764904492,97.38535803914391
68.38269028409735,43.39176187763586,Rainy,High,6.620622492043032,95.4101905916878
80.1918332885857,72.04217880015945,Clear,Low,13.975588348415604,160.43036722555038
73.71945046145802,69.5511789811126,Rainy,High,5.796847034850208,157.54605111255992
322.23299867759124,99.13434337651664,Clear,Low,4.216891744951771,235.3815190463165
95.03064177757669,13.711034655958398,Rainy,Low,4.1003329182737,36.8326024904395
176.10530524531228,11.306855289032468,Snowy,High,7.171098606840084,28.050969188621007
448.9102629034759,72.70954289574537,Foggy,Medium,8.884173585706524,161.18395864829282
239.6110119301218,58.2603047836345,Snowy,Low,16.70350883557383,135.27025167681342
335.44108056790844,28.14190598942078,Snowy,Medium,2.837876322717886,66.80009051234246
90.29833624480676,8.862517529909674,Clear,Low,14.831054024200437,22.83320204440438
100.18306431029204,9.480166710046623,Rainy,Low,10.863370826691455,13.766554265473117
25.229965051907037,89.5248965917477,Foggy,Low,6.1149341821818535,202.962415305056
88.62285622072145,19.994865147155547,Clear,Low,10.10998189839008,46.87874785902474
142.90221782081952,33.01378464943655,Clear,Medium,6.348870360651942,79.57818412384957
92.62018971698967,23.438983820471815,Clear,Medium,12.123598127146966,44.375773332504856
48.90775420974253,36.144634277361796,Snowy,Low,8.959956495677261,83.57948095287418
64.7147561947974,7.872960431863243,Rainy,Low,3.705907817038135,19.27237322870267
233.08549017619924,52.386919299918766,Rainy,Medium,2.773369953836086,125.53918052077702
107.1351906108673,7.693643795629275,Foggy,High,11.160565800406538,22.35266166913146
185.31358121879737,80.23529427441379,Rainy,High,18.097054149079018,190.0660917828478
254.19154907315416,24.13749610913287,Rainy,Medium,7.207174887874868,52.47863096737474
346.74544017153585,54.46117954584655,Clear,Low,14.793502090841153,117.74466427437311
24.459509221343975,88.12782966858437,Clear,Low,13.343896421325455,202.94441239125544
400.7081474599761,65.43685953567223,Snowy,High,18.66532082903488,158.03383673634914
315.81069279799937,53.762820868582196,Clear,High,16.509129837333248,132.81030182778034
45.470720814691596,33.109041558422184,Clear,Medium,11.548802548656528,81.18951176630983
437.42141893285475,33.9671893927616,Clear,High,13.312094715565092,81.94212108284447
460.8318382632475,67.27920856462082,Clear,Medium,18.01853609838868,159.1150236360428
35.23359012815756,99.41979676089558,Snowy,High,8.29061629944523,227.70819841380944
142.05443583286583,66.52207979508849,Clear,High,6.872496764226659,153.70295253530898
404.06963349756535,56.22055831963247,Foggy,High,0.7108161308863286,138.28591896057128
375.3885467399109,73.33440051368537,Foggy,Low,16.617745946733553,166.35144975232717
96.33790458140678,47.0553556160881,Foggy,Low,16.119123657865615,118.38367779249934
108.6279150516716,6.9540919174777365,Foggy,Low,2.536863102952952,14.707497867208572
188.38369088173408,56.66738477191307,Clear,High,11.748718932087655,138.70369126180336
244.83887766955556,95.80490316603264,Foggy,Medium,9.547643114254305,215.23001557747315
311.0361119074965,18.354991293408304,Clear,Medium,2.8148273624276734,45.6110336298392
187.61225158703735,69.3104841912459,Snowy,Medium,19.62108042768411,158.38547584480835
233.95468448590822,20.89243517724659,Foggy,Medium,4.686569805535431,41.65384628037222
374.99811437620946,54.04694076283504,Rainy,Low,1.8110665117659424,126.12221002538027
23.15818543084596,10.570968515025243,Foggy,Low,12.099523900287236,30.676248602716882
129.9562874502903,45.58672268956033,Foggy,High,14.907900204094137,102.57141224032631
358.10804501285344,75.86016956062936,Clear,High,1.1326471979201458,167.85517660255385
448.12738465516367,35.409580899659225,Foggy,Medium,13.344993955176932,82.67140745205575
258.2803338472547,66.82626072423459,Rainy,Low,10.879691581053361,155.01945478720134
268.39617520633124,79.74954611818319,Clear,Medium,2.513667673063444,187.214416438082
58.050145613189144,92.79060412846582,Clear,High,3.8642156004540604,219.48068995362388
226.46912157761005,24.2295661036899,Snowy,High,11.57549879766357,56.83077167292756
268.64554689523646,40.5322756651215,Snowy,Medium,6.278973463509123,103.53497070675289
125.02289929919118,16.089185319711326,Foggy,High,18.797156708700662,40.166907482079694
138.27539931994357,99.25586671367914,Snowy,Medium,16.465434474938988,229.19546302605823
191.7556607367882,92.77309582450523,Snowy,Low,19.679560527016427,208.2159706117946
14.935242899974552,54.4557558977754,Snowy,Medium,5.563581359533073,125.03585665823363
164.42918696367326,84.3612961432657,Clear,Low,19.409610839560553,195.13362044784418
109.6667634632896,52.574839749932174,Clear,Low,8.909060460935379,127.14030984984421
167.11118932806775,62.73498311227321,Clear,High,7.276616508618215,147.9578907605472
64.28225525052935,9.823318779485644,Snowy,High,1.4818157759023882,16.94320235003899
445.811003966248,75.77177162918399,Clear,High,1.5289225282622512,176.04695664829643
298.8282645092541,13.643634879888248,Snowy,Medium,13.994219490959766,36.2738743802831
341.15564797652235,82.78069539500031,Clear,Medium,9.429615391463544,199.8065246985362
395.63976311063243,78.4207806793682,Clear,High,4.917171707704061,186.08124037718125
251.72888846988334,71.16572507655466,Rainy,Medium,12.472420973342036,169.4443002957329
48.02554260327473,4.579877671951449,Foggy,High,5.430733305877168,11.423020725871382
270.8677382001811,31.00970723858753,Snowy,Medium,11.76381920971624,74.75036566922607
295.48635342033515,27.048144421173443,Rainy,Low,7.504570566162462,69.4791951730577
373.99253972124336,36.65350433968039,Clear,Low,16.559268418930472,79.66163487915651
218.6714753836913,9.676631929620015,Snowy,High,16.503575134952197,22.256180634832674
68.15224988380406,93.75882448007522,Clear,Medium,9.808332763386826,213.70087408153123
145.46907337036862,55.82642183052525,Foggy,Medium,7.340972632032804,131.5888972853472
184.72573671732437,31.24690675514433,Rainy,Low,7.569916032902343,79.08845708592759
324.7290344591426,40.30117019035406,Foggy,Low,16.21143325053025,91.73197503116553
287.53526081111136,45.27305150997873,Rainy,High,6.899499914553434,93.31917714215903
181.2678793194339,60.45883900270111,Clear,Low,4.576657787283497,138.05648014984558
493.32504815252497,52.05226334195328,Foggy,High,2.1514226665684832,125.02323924665596
304.8585355816591,92.01980534822732,Foggy,Low,9.600515857245965,216.2139514548791
122.42726190931727,50.1993848076772,Clear,Low,9.901575928936916,119.09166773768091
55.38232394709985,99.22364346750796,Foggy,Medium,16.89771985285669,229.49642188585665
80.66527389624436,85.29107081676447,Snowy,Low,4.814154580698247,191.10863536369683
126.74907555033153,21.642540921376245,Rainy,Low,7.929329836533798,53.36367412015485
84.53727976348006,93.1289262497477,Rainy,High,16.263911908426973,212.58280177758678
97.35067690539636,12.520273390662133,Rainy,Low,16.560660409604985,41.49838124029231
146.1221085034543,81.92752114062797,Snowy,High,7.99991598158598,192.9051014747818
90.81992967090363,38.681706054181426,Rainy,Low,9.452918454090277,87.39679131779837
448.8988851900805,87.91945772406189,Clear,Low,6.414074871561017,200.67842859279594
44.715704102512895,86.93761232063758,Foggy,High,18.684820129176586,202.22964544052255
264.6331378372761,80.7866146116445,Snowy,Medium,2.813553431960816,185.70092548598612
208.14642935988246,79.21301319439908,Rainy,High,18.708113748528664,190.43704073156454
491.27741536976015,31.163234770706037,Clear,High,13.835395810789192,74.3026927501301
60.45925657318591,9.011009022073965,Foggy,High,10.865656977391259,18.243837844187347
201.9385215276421,40.895037697750986,Foggy,Medium,1.1368516852976696,104.03342567611347
484.8878644713076,18.178926983664358,Snowy,Low,9.774125740529161,43.21727556391869
433.4260273175202,69.80015780134372,Snowy,High,8.45108804755328,165.9276717057038
409.45067511989356,35.26387292724077,Snowy,High,3.64376683351489,78.78279060805387
132.66189938724523,97.58540988513157,Clear,Medium,13.299987268262809,228.56787370020285
89.58935575808258,64.45623565718788,Clear,High,19.43744269368157,152.39319859318812
335.97839386259335,82.42557579980173,Snowy,Low,11.46268181575824,182.1011018186371
465.04111461815495,14.119942601442995,Rainy,Medium,14.437688890656943,44.137211850702215
280.5976320418952,86.33943374498963,Foggy,Low,1.8347838250373272,206.0807926380425
287.9482812876004,92.35296186082604,Foggy,Low,8.644506418431398,212.2138159596214
143.58965136184065,49.21912996307466,Clear,Medium,2.7689904607076694,108.46174055849394
385.89900193000875,61.019040837346765,Foggy,High,12.449518792961953,143.936744282585
97.58665553597407,76.71617028939654,Rainy,Low,18.800402085176014,179.5278820740956
165.2212220201006,18.309024098780842,Foggy,Low,13.40466578319695,45.412656989319586
215.5910371151263,50.7540415698808,Clear,Low,1.9976594421312197,118.39948895160822
256.2671374488052,40.467639749458996,Clear,Low,7.415990997209115,96.75305186750083
124.99281754546472,15.491025224062662,Rainy,Medium,11.237935899096605,44.14459035445344
61.844228245905754,37.38590780686161,Rainy,Medium,8.362551244598418,90.03821818395339
307.2569210086081,7.749058629163863,Foggy,Low,16.756058204265862,14.327653759245406
147.8721238539266,3.5553787879992114,Foggy,High,16.386084591844792,16.664347723024918
292.7129196041931,14.381462626327453,Clear,Low,12.430704892012818,42.66732197345913
81.40954406073014,96.34839604732821,Rainy,High,7.782429930087752,239.10332153489736
243.16435041813466,55.40342405360668,Rainy,Low,5.479059288383261,122.91234532647175
268.631769113035,96.61639395416877,Rainy,High,2.5645492051560215,224.65473502039683
30.65265072710132,43.81728995468307,Foggy,Low,7.420504827987804,91.54949676217173
171.61911770599067,31.8697971754407,Rainy,High,8.556864085550531,77.24066366571911
71.53526508479224,51.10804442118417,Clear,Low,13.678547039529436,116.6864358260545
36.37061038402003,44.511657174658104,Clear,Low,13.334116573802683,113.77256870496527
495.0303150330229,11.460803741912647,Foggy,High,1.8671087230045105,22.788092666025758
164.56515326248788,64.44180515433041,Snowy,Medium,8.207556650907577,141.2354103817577
405.88785069804425,22.38778006845036,Foggy,High,4.044687910738557,49.76392204568159
131.0471241080631,62.33920753488513,Snowy,Medium,3.557847753677711,134.48191532486672
342.343847500845,65.36990814741718,Rainy,Low,16.632391919876294,156.42322428505787
381.31279064539484,16.050460459736165,Foggy,High,1.3173467259670217,26.882883103305637
299.84117660088293,7.073613083956148,Clear,High,8.674066080091366,17.349740737863634
238.4302133323284,78.29539702077554,Rainy,High,3.7799712874471045,170.85130514745524
208.8612525028979,46.520241953162696,Clear,Medium,17.646939205730245,107.62496380969564
177.68979193878266,6.758215755042103,Rainy,Medium,11.362290008863186,24.964598174056245
465.1169264026738,99.49176539980695,Foggy,Low,5.011922409348537,232.13040977166787
416.15660685492594,6.720275538640297,Snowy,Medium,10.29733209974434,12.23610167940885
482.68832077992374,69.80848765699676,Rainy,Medium,14.763984014210758,162.57798744438819
66.52712562534464,98.38421360107795,Snowy,Low,19.18330117392896,229.27594789610515
366.7794002258039,24.678830317376637,Rainy,High,4.79869708278567,59.85111947063562
469.4785261264137,15.08268750003242,Clear,High,17.78054455652223,29.784770764322985
94.71036775200177,13.01710900282046,Clear,Low,18.71893022626606,34.904251188378524
37.91565234655486,31.02423960919196,Rainy,High,18.370200618375293,59.98105540105709
371.8547213985792,11.003535290054023,Snowy,Medium,12.890579958807242,23.55780175408647
289.36419102405637,69.52397282771906,Foggy,Low,12.7815027614768,159.437158295921
421.7052444953447,7.166888014876206,Foggy,Low,8.362607347084545,20.558406179428683
74.1873264300133,51.43279068682918,Clear,Low,15.171758704923864,120.44007662045213
398.65731937064567,99.6729885314447,Foggy,High,10.860233357843173,224.30281157414015
104.80552342363355,81.58305668109587,Clear,Low,13.710042388951742,184.90289954314156
86.00969171852373,61.906724384870074,Foggy,Low,8.85492912505151,144.88342628929206
86.31156997584151,31.319108457874556,Rainy,Low,14.76418104884121,73.42822193325156
408.21448651453414,62.76568779287221,Clear,High,16.577194593288706,143.75083771268493
334.27262424461907,53.17710492725351,Clear,Medium,3.3555070037549144,120.77049413477121
263.91738526071407,43.18225500514678,Rainy,Low,16.742129453697448,104.90606199305526
182.62108964113372,13.940327297279747,Clear,Medium,11.035782369910992,30.717271429361244
439.2142677024886,88.7738173088062,Foggy,High,16.970985227259373,206.3241602859229
199.26032817420452,45.52868023331093,Foggy,High,8.910383273649785,116.91197260671595
409.21672253843064,20.267628670255743,Clear,High,7.891289464969183,40.488937990368065
222.37177974225813,37.408175736851675,Foggy,High,18.34368428408584,78.98804072266266
191.58749256532926,41.99884550036378,Snowy,Medium,5.397800717193825,101.47506150155274
234.0264939064552,82.92625166112056,Clear,Low,16.962140343079792,189.86264006502597
154.18204771125033,73.6278236755788,Rainy,High,9.93840116393338,169.48292516826723
375.0666431872443,77.16118447049264,Snowy,High,10.524861129749565,175.3890403491574
253.8465930957772,2.0920951784360744,Clear,Medium,6.515131489044938,4.185252307254263
119.94528409767456,42.19924581979639,Rainy,Medium,11.674322912070807,106.64038069541844
450.2894137709114,48.65307101189704,Foggy,High,6.84161832738612,117.08339816331137
195.02615457973965,2.900035405482612,Rainy,Low,1.26575357771222,11.136774703870941
274.05866625142437,26.721507665758388,Snowy,Low,5.8039728042149425,55.22594470936015
453.7036949274507,76.26869248909136,Foggy,High,0.6243913464285182,170.48735010167957
313.9978079774261,14.573860867170906,Clear,Medium,19.577918347608705,21.42801714049853
62.86453015064021,53.995703013806576,Foggy,High,19.332070591485078,122.61637691562794
470.2169011886702,22.30498532970651,Clear,High,8.205528300709949,57.12858487362133
315.71548627035185,2.199956689745434,Clear,Medium,14.703231659623096,9.136955698016116
170.77827925525764,24.878944302354608,Rainy,High,7.243218919003287,57.08711691557886
73.93967596837669,97.61150173609532,Rainy,High,13.586316563176533,226.72969924810755
398.04246868879653,80.35217407641596,Rainy,High,16.205885839396593,183.7896829875835
311.9360141846142,95.99808778778231,Snowy,Medium,18.961746771498696,224.67555187893595
269.06324052827915,49.29755034870988,Snowy,Low,8.304139379068605,118.53714664082976
447.47682861022406,11.863883669072846,Rainy,Low,15.77431066764293,20.903568405270207
395.3556195561427,55.247989408395604,Snowy,Medium,5.685604787326317,129.6896544513132
80.07906546771183,45.983356121436124,Foggy,Low,19.811479923976144,112.8648749876884
159.30242355879636,84.59135119122197,Foggy,High,1.0025071759048472,193.4307705244964
128.00212420816052,10.710175497640215,Snowy,Low,12.268811726771858,29.470889632829
373.2534148234751,49.33587256515604,Snowy,High,13.360366642200878,129.3751745120933
21.598555194210793,15.854817804704442,Foggy,Low,13.916888362945512,37.494604000227355
287.09539401130166,33.14291676211594,Clear,Medium,2.847557786387236,78.81142874915317
382.41704944164184,73.99835066139217,Foggy,Low,18.801330777726044,169.12603768728155
438.998990197066,48.12579480750789,Foggy,Low,4.033073941476615,112.48014921250113
174.3304656143742,38.21294022943116,Snowy,Low,12.6436913631769,91.8376191912152
411.52236581264634,40.05315157843349,Foggy,Medium,4.842183542900156,93.9812102018221
59.76270979282758,46.48523007219268,Snowy,Low,6.490720131914783,102.93147688141228
423.9938844085865,78.71663783986862,Snowy,Medium,11.155941563698425,183.98283642309363
68.10688785433129,89.31638420508321,Rainy,High,8.635271662009242,214.49535437353134
201.6572088273818,95.5781339638889,Foggy,Low,3.6243992190418726,223.3911082010602
399.66120606087907,78.90343523927422,Clear,Medium,3.833259847206542,187.4601973328033
79.20912653764302,32.225282679053265,Rainy,Medium,8.653823369174594,74.12072547546737
118.47944064015753,69.12533590256767,Snowy,Low,15.267018076372263,164.9557289396871
362.5150213545678,44.3227092814838,Snowy,High,18.01031061353188,105.5828286926634
361.4180855903068,26.212391582559068,Clear,Medium,2.1404894140579653,56.01011984868109
322.3680782782222,84.24628636316633,Snowy,Low,8.16552619740832,197.01807914264944
348.5044800112145,4.804208547270175,Foggy,High,2.4547884925960943,6.38471727625216
273.64859945706013,90.27443722140693,Rainy,Medium,0.8235533723356587,205.4519039442596
129.64053415894162,46.68626899784868,Snowy,Medium,13.403514311557155,110.13227435264803
176.11951678444012,64.08294620401976,Snowy,High,12.247764118348462,150.74260351002113
94.8908698167057,66.27603829837248,Clear,High,3.678872719390281,147.51937341579384
454.683027860146,89.6166563299471,Foggy,Low,5.05935024531475,212.79034000262368
293.7789384092296,64.03029853455352,Snowy,Low,0.9623011960681085,150.86625112592782
203.42145129800176,61.779424891246116,Clear,Medium,16.781470511040872,140.8649763718282
233.6928728038457,7.598552015508306,Snowy,High,19.506466622946753,11.815377835872987
473.9052531078486,52.3223941725752,Clear,High,3.141460967496471,120.4543537399912
80.9089445424597,15.866731080887124,Clear,High,5.0137666684233135,34.92380689438579
295.18376684831463,74.00594310342707,Foggy,Medium,17.433985716965214,173.26282942587818
255.41489604781066,51.70997016045477,Snowy,High,18.566044060145604,119.49105217088724
307.6698465401507,68.34255014162697,Foggy,High,8.682733964732801,148.70227991990654
13.964540991316051,5.125617159636042,Clear,Medium,1.4871382092469454,10.04715476817816
436.701334927355,9.394409588534518,Rainy,Low,1.2681407570099783,20.29980466987417
466.3985498293881,71.91601541820555,Snowy,Low,11.692022388345704,170.46350297875966
284.7409258766584,8.136349263868663,Rainy,Medium,8.16145462341699,16.120113888823063
349.84215781906164,8.0544160487606,Snowy,High,1.0587223377642632,27.104946673276245
461.6371936827614,2.1987390482538576,Foggy,Medium,11.873421650094857,0.0
355.0831239851323,95.69363843164854,Foggy,Low,0.7203994634859382,227.68018221246984
80.50682624255937,74.01332758644169,Foggy,Low,15.853753183910824,171.43456718868083
290.2627382825725,35.97188944170435,Foggy,Medium,6.4754400427157455,88.0405329763264
305.32394795951365,30.357022547477868,Foggy,Medium,1.285031058680026,70.65223261083555
214.9446822946811,35.620619744839104,Rainy,Low,11.97286830917149,89.17869612162282
369.5398966342378,77.690699586937,Foggy,Medium,8.254846081444565,178.35419083120487
467.51167231066233,66.47569049597102,Clear,Low,19.489108060464414,150.01465372585042
463.1564138888543,19.334361218879327,Clear,Medium,11.111873918822193,52.87608324384878
228.1654888450454,18.236824198074352,Rainy,Medium,5.867164030221661,42.146377071163215
61.05283269117385,10.741169321626334,Snowy,Medium,14.334057860362508,27.353299287114137
492.4963934863556,66.36996925043248,Clear,Low,5.7940940495828706,160.06779794368128
420.25455279073736,76.67289355995186,Snowy,Medium,18.13274418244752,173.76788233126138
66.70802719561709,27.239596404175398,Rainy,Low,7.807078424893841,66.68163002433084
460.8167318955993,3.0735511420603685,Snowy,Low,11.222436974136002,5.272673053258597
435.5986992207535,9.134995080166307,Snowy,Medium,1.4861755245724628,20.589609409419555
261.8248382774057,96.81814344965801,Snowy,Medium,8.8093641400685,224.8922426096383
297.68134069373997,30.249032970264604,Snowy,Low,16.7310890233894,64.04726575641548
202.50633841571448,77.15309163597523,Rainy,Low,16.21015170458517,175.95047163545914
32.107011216905505,62.84169331657211,Clear,High,4.874211897643762,152.40709721311165
170.92263461472095,38.81202432563669,Foggy,Low,4.908541884705972,94.57758632361532
402.4124570560157,21.363038957359954,Snowy,High,16.437453588158117,50.67916746368113
7.292851387278415,13.017255397781236,Clear,High,18.64276919330185,33.14975418076931
170.08208998711638,61.8862838358478,Clear,High,2.359537964823569,141.72205692910848
202.09350332751694,77.688744283141,Rainy,Medium,9.276143468811393,187.17153057007678
271.0108234542718,64.74652110057194,Clear,Medium,7.080358439802465,149.2707366973306
460.32853012431644,53.499911191666676,Rainy,Low,17.478424881420068,126.49184780156628
176.44126721115083,5.15317111973199,Snowy,High,2.128735836260366,17.84684959091726
176.7418349386327,96.88038898184399,Snowy,Medium,4.616955879881729,220.36853671181828
370.06311781432544,80.07270497380289,Foggy,Medium,15.17313258293664,194.2792076702628
228.84788074045454,29.98938163339551,Foggy,Medium,1.500230055133704,61.773187529940124
116.17938735529107,98.01706260652621,Foggy,Medium,10.104439923928641,235.5780692690324
228.95756048568325,60.58627737399589,Clear,Medium,9.121087176254541,139.0030315317961
74.72422508800094,58.659843162517404,Snowy,High,7.020822990280599,134.99282626531686
92.31155832058053,75.05924476352368,Rainy,High,8.194160148719014,164.75622056269688
251.69204750604248,81.36520902092361,Foggy,High,10.833841445139543,186.76304339595904
212.3680975047512,65.99138212581876,Rainy,High,3.646663488573471,147.60572640436428
457.8487210287095,13.681478890253803,Rainy,Low,11.653919626530058,29.73137647227193
184.38498006273338,34.48848309345534,Foggy,High,16.205930421349734,80.60243415907242
292.39123338763153,92.88028039227892,Snowy,Medium,15.3231381309081,220.87471959161965
317.97082252016753,23.23694557254134,Foggy,High,3.501048141528587,55.065465843726486
11.48175601122515,37.84453535991382,Rainy,Low,3.4103646599587414,89.30029641440237
333.45099914827176,43.7756114114754,Foggy,Medium,5.72940017102581,96.21700543338295
93.12780360052696,44.50109397975076,Rainy,High,7.5409571636502255,99.14785236157564
480.7298071473803,61.681018666958025,Rainy,High,8.464883837465411,152.32326659617615
78.58805023779091,94.36450793672606,Foggy,High,13.754095728250233,215.68141773284597
210.23894124487674,24.82857847141799,Clear,Medium,1.6052684272337903,65.79558437198543
47.24808569892871,13.028636253790888,Foggy,Medium,1.1761177324082945,28.998455525093448
498.4527546637439,20.549578496133794,Clear,Low,8.142255977406226,48.29519160452721
253.58653011396507,88.80556512071769,Rainy,Medium,14.094691996690619,211.9021504296766
299.71558357342167,64.9352704528654,Rainy,Medium,4.2719891876514104,156.78713577457748
38.2028563072716,29.304772134676853,Clear,High,13.009337384496908,68.44089456815779
376.230432847593,81.7787469578931,Rainy,Medium,5.56664868983584,187.52435507410894
108.90326858231495,86.27562963998017,Clear,High,17.77867912186357,200.79497013792948
449.53687327315333,84.80491953033753,Clear,High,17.965953913199023,199.38574714756018
106.54412203859354,91.9737268303159,Rainy,Medium,6.297100483485867,217.54553746072708
99.39042172851495,25.971860997162796,Snowy,Low,4.98487820228319,60.514636018645135
23.092085584806966,75.74915094588155,Clear,Low,8.52042745529151,178.9270129206313
238.67313782944962,46.59341023013986,Foggy,Medium,5.1903659110129,116.34161288407907
284.59636096499514,84.35785673611609,Foggy,Low,13.611484944188222,198.13434561617092
37.52577651703442,73.12057703899971,Rainy,High,16.608261348691567,172.12762337498236
388.8861702640302,77.86829720347274,Snowy,High,13.62529655276873,173.64374206984857
229.37797320027366,65.96002193042608,Rainy,Medium,16.574833721362314,140.87148334727516
264.57318331715214,18.56544817750098,Snowy,Low,8.241347163045745,45.65219865248268
223.17755973442294,54.95766497079689,Clear,Low,3.5481809288227866,126.83290301901874
203.37771513328636,98.48230421292631,Clear,High,14.890043474253046,226.40921370471136
282.02196399756787,93.80141858321477,Clear,Medium,7.529252850260301,218.65185323318389
81.8439217357027,5.274199843904155,Clear,Low,13.589781091968083,13.240361102630866
95.0544245951592,17.316666757214275,Foggy,Medium,5.777556868644431,46.21815714919891
431.5838824016911,14.04114857200163,Foggy,Low,2.083977878730117,33.074005330491666
473.3271537561482,72.87201108854426,Rainy,High,19.855345012011387,166.5852636903875
189.7881115584777,81.96074765583757,Snowy,High,3.545929404646686,194.6347512202459
139.01861320605911,22.13762526475652,Clear,Medium,19.77420938228788,52.02967992508534
323.7797739033128,51.07941660223107,Clear,High,19.55695868504572,122.58183163801989
207.3234146935577,84.2295997731088,Snowy,Low,15.979453026206773,193.781267247538
17.566246051870706,73.54735293185881,Snowy,High,13.358747760598952,167.98112562116657
82.29553569626422,54.68148334369298,Rainy,Medium,11.767237479896151,127.91179142284888
359.4062532794618,59.44442135541851,Snowy,Medium,17.388980134867776,139.11965456222197
331.1673512455249,51.327694144711714,Clear,Medium,6.144070671580015,121.58051571827623
18.412516289224328,30.457296680563235,Clear,Low,9.619783643455103,69.97510492989787
114.87622015680998,56.937177293042595,Clear,Low,12.578104402646787,123.60089106834108
119.38202431109534,69.19964490295898,Clear,Low,8.518214279455076,158.5391317358388
337.58690808137055,87.45896867021996,Clear,Low,8.835985854760226,206.8829085494032
14.756716188410257,63.99284404394556,Rainy,Low,6.940551016290646,147.0306444469278
56.533748082364056,76.35103216727263,Clear,High,11.502520425348452,176.2892193363619
400.9584622597287,16.847091860502726,Rainy,Low,17.086203296294762,45.55728505692046
93.37960771689514,46.6941899675592,Clear,Low,4.4298033711231,104.74669302587945
328.109323386678,1.9238303628822364,Foggy,High,18.72144425569211,0.0
122.90047661812963,25.42120758764068,Foggy,Low,13.937209248090479,59.31355485463155
54.223489415875854,72.91970979618748,Foggy,Medium,16.55382764726059,167.67904263767545
125.37023454472977,99.18918518358699,Foggy,Low,11.345718506285227,225.4303580259482
362.5221312685513,10.818631859134374,Rainy,Low,15.700575677769239,25.684204882883876
428.56975171261143,40.747937270267535,Rainy,Medium,0.8159077481196106,96.66685410536388
415.95883296066086,80.2070259012168,Snowy,Medium,16.458418283200935,186.87762885229182
201.60584716113513,21.199527828260987,Clear,Medium,1.282707752164647,50.63408542193053
335.70214260246985,55.95340998092634,Foggy,Medium,17.853310839075817,140.10474663242454
106.46722623083139,73.5740583069378,Rainy,Low,19.843273571153546,170.22600773835384
150.10812647920156,61.982559575757726,Clear,Medium,6.234315512447168,145.1948873444684
448.6862301679543,19.6144487269262,Clear,Medium,4.601211847572976,43.22343093096114
11.435952137814336,36.1830722998882,Rainy,High,15.424585595231793,80.89355697283007
47.3267227729617,78.59538666405433,Foggy,Medium,5.434013647944938,179.17420629167117
107.90369629728352,55.868424899069645,Snowy,Medium,17.37846647185797,128.40011530642823
18.13344091754076,1.5177317407483608,Clear,High,2.505430547070796,5.553882363571421
94.81054036944967,76.33808524278129,Snowy,High,2.956126329397486,188.38196847726832
293.60557267999764,4.495824139083668,Foggy,Low,19.593455324462003,8.764482112350272
213.6051525432865,74.82764449039198,Foggy,High,13.639858516265091,172.13271809635464
446.87249698310256,21.045575456358502,Snowy,Low,17.01430087636458,50.00109432626836
409.63456306052825,95.84927453181864,Foggy,High,6.824422858354601,224.07326069788525
174.1995890904486,37.42613437890636,Clear,High,13.691433115651787,89.1412677866128
133.41459954848978,33.36623001746983,Snowy,Low,12.087715632517645,84.70524187334766
192.94774204279713,15.739916982912023,Foggy,High,12.261427342397466,25.45339061209048
297.1959965448298,31.254817333531275,Snowy,Low,13.809382960985571,61.64491698557745
137.69150220732374,87.78842542099186,Clear,High,11.719503876017422,201.48382225004218
313.95370938532136,99.63709942509749,Foggy,Medium,8.866716201401985,236.53487222983395
207.65876783466402,37.462643520177984,Clear,High,5.880492540420663,79.29851562762522
278.2633545217302,45.412452464499715,Foggy,Low,15.48733595280744,91.41333708980629
220.88263192198175,72.48502288207096,Rainy,High,4.912312385062131,170.78753112718618
150.76055097324925,88.73338226604238,Foggy,Low,14.000908970011077,207.5924900500726
474.48438694626753,59.71138908449163,Snowy,Low,5.04999004166187,132.9872657553447
382.9848681090816,39.7610441196051,Foggy,Medium,12.69393831411185,88.18970774409432
74.356022004394,41.849562244013754,Clear,Medium,15.068026209016065,93.3305728064
434.89164806946684,69.86619650318389,Clear,Low,4.764920833677515,162.42008259309222
246.27844313350926,1.3186080968235894,Foggy,High,1.6688943667955114,0.08129775942700768
447.80335231257527,62.33934440852423,Snowy,Low,3.0539879883863947,146.7796039774072
400.92835169392106,36.19380803369438,Rainy,Low,12.316940861784996,70.56625732949055
215.48068471227054,79.62553579643134,Snowy,High,17.064204921401842,181.35714885625757
16.122307618458112,10.206073342490084,Rainy,High,1.3774380140907752,18.08350341800592
137.99529289554832,59.23202442789066,Clear,High,14.815949551312102,137.02586799169617
273.10893625712913,48.61631609872625,Snowy,High,7.1557135960260165,110.32902275520956
318.5717188139429,64.59022706461752,Rainy,Low,9.831303213430688,154.1757737400884
132.65440428943515,7.420505853813866,Foggy,Low,18.612761221988528,9.705960786208596
73.98125666604794,58.418394955385,Clear,Medium,6.973444342348986,135.871294162828
418.29046721565305,56.586974207992846,Foggy,Low,9.574070211819977,134.464999557704
492.2790794482583,56.50534934720092,Clear,High,0.7668070878332816,139.88727488362724
265.2166402398295,60.74527899304903,Snowy,Medium,2.091175040094348,138.12188212248532
89.98124649491024,67.97032578540986,Snowy,High,5.542536027128288,159.18799918877218
139.79212662708764,80.69391096839621,Clear,Low,1.0431186960109509,177.48793224378454
14.103384890996033,27.71225129269322,Clear,Medium,12.811818857940894,53.33670135035031
457.577909247447,82.67989160782615,Clear,High,8.81476795763164,196.0958982887501
63.286786030619865,50.327312544081906,Snowy,Medium,11.18883145319643,117.3471736539085
290.3756553795555,8.628769634298784,Rainy,Medium,3.905620124978426,26.21558331672015
140.65733424016696,6.796541995153941,Foggy,Low,6.270674574014015,9.460065021358261
279.31811124531777,34.08959355091002,Foggy,High,13.44457725962814,82.69092952620872
327.4530922341728,78.70480073403529,Snowy,Medium,19.323403110792796,193.08451920942008
415.7221928350648,71.06041253935066,Foggy,Medium,1.4831270852430793,166.39639371621067
107.17852952149859,79.07288150256824,Clear,High,17.86249425667769,185.82751322455564
10.442935185947835,52.20963658771933,Rainy,Medium,11.749183425568566,121.82195926431025
72.7583868840596,44.57970079759357,Foggy,Medium,11.496431551734663,96.27434471198504
450.509227714812,15.597800143922111,Rainy,Medium,10.255431436551326,43.834326154666954
437.57558839344506,33.49108260732184,Clear,High,1.8531846751315761,74.49543109140129
300.7194855743026,43.96791725121365,Foggy,High,2.2525986088551333,104.31356499310414
302.25584591465844,9.771442538282106,Snowy,High,12.217784110352179,15.978639141610614
334.19315390039645,22.840583318409916,Rainy,High,7.1486921429933865,47.57931835728735
91.80878291860755,60.22430411231014,Clear,Low,18.386727298264773,148.1322522253741
457.6339132328551,73.83064830967979,Rainy,Medium,8.42851547850971,169.6551376984221
212.2914098215762,99.83640362790202,Foggy,High,3.293988444701501,238.21786860513654
194.65357148350125,93.37821980301221,Foggy,Medium,14.437017253289703,216.7562361749946
261.8642641150046,64.61395475398396,Snowy,Medium,6.220391718099692,140.67078578872363
28.248153553652248,42.70355727611313,Clear,Low,10.746670993439917,104.18022240582394
87.31026753425931,63.981559106115036,Clear,High,14.107739317350816,146.2587138780828
370.32664013105335,78.77951018994297,Snowy,High,18.055150168440374,187.2796276231975
45.9853406229376,12.715282901415344,Snowy,Medium,15.947728298632684,31.093130669833123
303.5602941858622,41.580584079932535,Clear,High,13.68904082351812,89.70446216728163
126.44780929225388,84.14042627792611,Rainy,Medium,13.7528470567053,196.5611432345327
197.7013289507784,38.999462241371354,Rainy,Medium,18.945530558625688,102.96442654419441
147.90339970149643,57.61535485149147,Snowy,Low,6.2685699011824525,136.18325898963585
181.05799465014982,59.18916672535762,Rainy,Low,0.5216858368256545,136.49155495423136
360.9277230662015,19.263149060230297,Clear,Low,5.803113908264875,50.45490272974297
152.07524923347162,36.86130872357655,Foggy,Medium,4.748881902721508,86.67785366774953
285.3702969469641,34.11661758545128,Foggy,High,13.405774409722964,81.19763521467873
240.64494908855434,3.5934741446744147,Rainy,Low,12.857376195427817,4.128537032945167
333.51722685451085,3.3949846252441693,Snowy,High,12.072496962742115,10.218904309536235
468.7307209657552,83.33800732390158,Snowy,Low,0.8167471425843471,197.76968871455583
367.6231881190739,28.03401018730843,Snowy,Low,14.711172061787625,62.04936997836111
111.39548740242459,52.289797857642725,Snowy,Medium,6.808843043467085,128.59279646173616
20.435651855335912,30.573831785288533,Snowy,Low,13.468591785629306,71.51388048185382
134.82070192841343,94.12724526641871,Rainy,Low,11.35327935579199,214.13041694331372
299.5635756966261,26.670379127711602,Foggy,Medium,7.183253045844189,67.31506147419944
30.455777674703924,43.536024461154575,Foggy,High,3.124237208530101,99.44666904742873
250.701292364612,87.40029479797558,Rainy,Low,2.3411685043793784,205.92637227119206
300.43721021386017,84.35142311238906,Snowy,Medium,16.71460749568836,195.06445497789488
170.4507259543956,19.424040366781455,Rainy,Low,18.40875207059038,46.41127773667468
386.60154085418185,80.46168766977533,Foggy,Medium,13.170866911903842,189.65138623004285
57.76613530121704,46.36050178705137,Clear,High,2.5169652397794255,108.79894094001664
42.193201959225334,48.813918336450165,Rainy,High,8.339530729320694,103.61644552787327
365.4534343207837,14.214517269178435,Snowy,Medium,14.714314402050565,28.700747631535283
250.26820152206824,8.979549861955341,Foggy,Medium,15.706507238196329,26.96046082889055
345.75918623172936,73.06599139040276,Foggy,Medium,2.8052631346762276,168.40228348079026
220.23953260885438,50.149654083174674,Foggy,High,0.500599017484957,113.27710432002489
126.96900645335788,44.248219558902775,Foggy,Low,14.386672394671798,96.85918434424522
410.45564724872884,73.22131463658728,Snowy,High,7.45362543173101,164.48791774731046
400.7108600896447,76.78577700011986,Clear,Medium,5.462385966556075,167.81239026712277
348.87475307294125,16.731908599266003,Foggy,Medium,0.7515006608957461,38.219455336886384
139.71184292883154,61.41228979828649,Rainy,High,11.035838431849244,139.9737853743215
297.1641801001981,14.400054145490866,Clear,Medium,17.097439340806645,30.14092955523799
183.68207898531327,75.38613351687552,Foggy,High,19.173817102315464,175.71873300837424
50.33312629668391,66.03856047044681,Clear,Medium,11.53202653695914,155.52213049469174
459.07021985381016,95.70484748726234,Rainy,Low,10.531995890927936,232.59738694571854
72.72522230488589,7.826843619285697,Foggy,Low,2.1585995170402015,10.73645161443791
475.3674901412972,6.648417393974177,Rainy,Medium,11.203019630080695,22.275051359591032
225.7728576141881,28.936520394626815,Snowy,High,7.9095920398251955,72.49982912064581
